row_kind,scenario,phase,model_status,users,evaluations,hours,free_remaining,free_allocation,test_residual_hours,log_retention_days,lambda_requests,lambda_gbs,api_requests,ddb_rru,ddb_wru,ddb_average_gb,sqs_requests,scheduler_invocations,logs_ingested_gb,logs_average_gb,metric_month_equivalent,alarm_objects,alarm_metric_references,alarm_chargeable_references,alarm_metric_hours,alarm_chargeable_metric_hours,test_active_hours,Lambda,API Gateway,DynamoDB requests,DynamoDB storage,DynamoDB Streams,SQS,Scheduler,Logs ingestion,Logs storage,Alarms,Custom metrics,Cognito,SES,S3,SNS,Data transfer,total_usd,cost_delta_vs_B_usd,alarm_savings_usd,implementation_status,aws_verified,regional_price_reverified
cost,B_current_dev,current,assumed_not_measured,30,600,720,False,all_allowances_consumed,,7,56400,13860.0,12000,372000.0,331200,1.006,649800.0,43200,0.1044,0.02436,5.397966304513086,17,17,,12240,12240,0,0.24228046200000003,0.012,0.30115800000000004,0.28670999999999996,0,0.25992000000000004,0.0432,0.07934400000000001,0.00080388,1.7000000000000002,1.6193898913539257,0.44999999999999996,0.09043200000000001,0.015600000000000001,0.00405,0.00342,5.108308233353926,,,revision_implemented_offline_aws_pending,false,false
cost,B_current_dev,current,assumed_not_measured,30,600,720,True,base_monthly_allowances_available,,7,56400,13860.0,12000,372000.0,331200,1.006,649800.0,43200,0.1044,0.02436,5.397966304513086,17,17,,12240,5040,0,0.0,0.012,0.30115800000000004,0.0,0,0.0,0.0,0.0,0.0,0.7000000000000001,0.0008333333333333334,0.0,0.09043200000000001,0.015600000000000001,0.004,0,1.1240233333333334,,,revision_implemented_offline_aws_pending,false,false
cost,P1_developer_dev,Phase 1,assumed_not_measured,30,600,720,False,all_allowances_consumed,,3,56400,13860.0,12000,372000.0,331200,1.006,649800.0,43200,0.1044,0.010440000000000001,5.397966304513086,17,18,,12960.0,12960.0,0,0.24228046200000003,0.012,0.30115800000000004,0.28670999999999996,0,0.25992000000000004,0.0432,0.07934400000000001,0.00034452000000000007,1.8000000000000003,1.6193898913539257,0.44999999999999996,0.09043200000000001,0.015600000000000001,0.00405,0.00342,5.207848873353926,0.09954064000000074,,revision_implemented_offline_aws_pending,false,false
cost,P1_developer_dev,Phase 1,assumed_not_measured,30,600,720,True,base_monthly_allowances_available,,3,56400,13860.0,12000,372000.0,331200,1.006,649800.0,43200,0.1044,0.010440000000000001,5.397966304513086,17,18,,12960.0,5760.0,0,0.0,0.012,0.30115800000000004,0.0,0,0.0,0.0,0.0,0.0,0.8,0.0008333333333333334,0.0,0.09043200000000001,0.015600000000000001,0.004,0,1.2240233333333335,0.10000000000000009,,revision_implemented_offline_aws_pending,false,false
cost,P1_customer_dev,Phase 1,assumed_not_measured,30,600,720,False,all_allowances_consumed,,14,56400,13860.0,12000,372000.0,331200,1.006,649800.0,43200,0.1044,0.04872,5.397966304513086,17,18,,12960.0,12960.0,0,0.24228046200000003,0.012,0.30115800000000004,0.28670999999999996,0,0.25992000000000004,0.0432,0.07934400000000001,0.00160776,1.8000000000000003,1.6193898913539257,0.44999999999999996,0.09043200000000001,0.015600000000000001,0.00405,0.00342,5.209112113353926,0.10080388000000085,,revision_implemented_offline_aws_pending,false,false
cost,P1_customer_dev,Phase 1,assumed_not_measured,30,600,720,True,base_monthly_allowances_available,,14,56400,13860.0,12000,372000.0,331200,1.006,649800.0,43200,0.1044,0.04872,5.397966304513086,17,18,,12960.0,5760.0,0,0.0,0.012,0.30115800000000004,0.0,0,0.0,0.0,0.0,0.0,0.8,0.0008333333333333334,0.0,0.09043200000000001,0.015600000000000001,0.004,0,1.2240233333333335,0.10000000000000009,,revision_implemented_offline_aws_pending,false,false
cost,D_customer_optimized,Phase 1+2,assumed_not_measured,30,600,720,False,all_allowances_consumed,,14,56400,13860.0,12000,372000.0,331200,1.006,649800.0,43200,0.1068,0.04984,5.397966304513086,21,23,,16560.0,16560.0,0,0.24228046200000003,0.012,0.30115800000000004,0.28670999999999996,0,0.25992000000000004,0.0432,0.081168,0.0016447200000000001,2.3000000000000003,1.6193898913539257,0.44999999999999996,0.09043200000000001,0.015600000000000001,0.00405,0.00342,5.710973073353926,0.6026648400000001,,revision_implemented_offline_aws_pending,false,false
cost,D_customer_optimized,Phase 1+2,assumed_not_measured,30,600,720,True,base_monthly_allowances_available,,14,56400,13860.0,12000,372000.0,331200,1.006,649800.0,43200,0.1068,0.04984,5.397966304513086,21,23,,16560.0,9360.0,0,0.0,0.012,0.30115800000000004,0.0,0,0.0,0.0,0.0,0.0,1.3000000000000003,0.0008333333333333334,0.0,0.09043200000000001,0.015600000000000001,0.004,0,1.7240233333333337,0.6000000000000003,,revision_implemented_offline_aws_pending,false,false
cost,B_current_dev,current,assumed_not_measured,100,2000,720,False,all_allowances_consumed,,7,87200,31080.0,40000,484000.0,499200,1.02,654000.0,43200,0.1464,0.034159999999999996,7.632496411422858,17,17,,12240,12240,0,0.535441036,0.04,0.44253,0.29069999999999996,0,0.2616,0.0432,0.111264,0.0011272799999999998,1.7000000000000002,2.2897489234268575,1.5,0.30144000000000004,0.015600000000000001,0.00405,0.0114,7.548101239426858,,,revision_implemented_offline_aws_pending,false,false
cost,B_current_dev,current,assumed_not_measured,100,2000,720,True,base_monthly_allowances_available,,7,87200,31080.0,40000,484000.0,499200,1.02,654000.0,43200,0.1464,0.034159999999999996,7.632496411422858,17,17,,12240,5040,0,0.0,0.04,0.44253,0.0,0,0.0,0.0,0.0,0.0,0.7000000000000001,0.0008333333333333334,0.0,0.30144000000000004,0.015600000000000001,0.004,0,1.5044033333333333,,,revision_implemented_offline_aws_pending,false,false
cost,P1_developer_dev,Phase 1,assumed_not_measured,100,2000,720,False,all_allowances_consumed,,3,87200,31080.0,40000,484000.0,499200,1.02,654000.0,43200,0.1464,0.014640000000000002,7.632496411422858,17,18,,12960.0,12960.0,0,0.535441036,0.04,0.44253,0.29069999999999996,0,0.2616,0.0432,0.111264,0.0004831200000000001,1.8000000000000003,2.2897489234268575,1.5,0.30144000000000004,0.015600000000000001,0.00405,0.0114,7.647457079426858,0.0993558400000003,,revision_implemented_offline_aws_pending,false,false
cost,P1_developer_dev,Phase 1,assumed_not_measured,100,2000,720,True,base_monthly_allowances_available,,3,87200,31080.0,40000,484000.0,499200,1.02,654000.0,43200,0.1464,0.014640000000000002,7.632496411422858,17,18,,12960.0,5760.0,0,0.0,0.04,0.44253,0.0,0,0.0,0.0,0.0,0.0,0.8,0.0008333333333333334,0.0,0.30144000000000004,0.015600000000000001,0.004,0,1.6044033333333334,0.10000000000000009,,revision_implemented_offline_aws_pending,false,false
cost,P1_customer_dev,Phase 1,assumed_not_measured,100,2000,720,False,all_allowances_consumed,,14,87200,31080.0,40000,484000.0,499200,1.02,654000.0,43200,0.1464,0.06831999999999999,7.632496411422858,17,18,,12960.0,12960.0,0,0.535441036,0.04,0.44253,0.29069999999999996,0,0.2616,0.0432,0.111264,0.0022545599999999996,1.8000000000000003,2.2897489234268575,1.5,0.30144000000000004,0.015600000000000001,0.00405,0.0114,7.649228519426858,0.10112728000000004,,revision_implemented_offline_aws_pending,false,false
cost,P1_customer_dev,Phase 1,assumed_not_measured,100,2000,720,True,base_monthly_allowances_available,,14,87200,31080.0,40000,484000.0,499200,1.02,654000.0,43200,0.1464,0.06831999999999999,7.632496411422858,17,18,,12960.0,5760.0,0,0.0,0.04,0.44253,0.0,0,0.0,0.0,0.0,0.0,0.8,0.0008333333333333334,0.0,0.30144000000000004,0.015600000000000001,0.004,0,1.6044033333333334,0.10000000000000009,,revision_implemented_offline_aws_pending,false,false
cost,D_customer_optimized,Phase 1+2,assumed_not_measured,100,2000,720,False,all_allowances_consumed,,14,87200,31080.0,40000,484000.0,499200,1.02,654000.0,43200,0.1544,0.07205333333333333,7.632496411422858,21,23,,16560.0,16560.0,0,0.535441036,0.04,0.44253,0.29069999999999996,0,0.2616,0.0432,0.117344,0.00237776,2.3000000000000003,2.2897489234268575,1.5,0.30144000000000004,0.015600000000000001,0.00405,0.0114,8.155431719426858,0.6073304799999999,,revision_implemented_offline_aws_pending,false,false
cost,D_customer_optimized,Phase 1+2,assumed_not_measured,100,2000,720,True,base_monthly_allowances_available,,14,87200,31080.0,40000,484000.0,499200,1.02,654000.0,43200,0.1544,0.07205333333333333,7.632496411422858,21,23,,16560.0,9360.0,0,0.0,0.04,0.44253,0.0,0,0.0,0.0,0.0,0.0,1.3000000000000003,0.0008333333333333334,0.0,0.30144000000000004,0.015600000000000001,0.004,0,2.1044033333333334,0.6000000000000001,,revision_implemented_offline_aws_pending,false,false
cost,B_current_dev,current,assumed_not_measured,300,6000,720,False,all_allowances_consumed,,7,175200,80280.0,120000,804000.0,979200,1.06,666000.0,43200,0.2664,0.06216000000000001,8.004113338697039,17,17,,12240,12240,0,1.373042676,0.12,0.84645,0.3021,0,0.2664,0.0432,0.20246400000000003,0.0020512800000000004,1.7000000000000002,2.4012340016091116,4.5,0.90432,0.015600000000000001,0.00405,0.0342,12.715111957609112,,,revision_implemented_offline_aws_pending,false,false
cost,B_current_dev,current,assumed_not_measured,300,6000,720,True,base_monthly_allowances_available,,7,175200,80280.0,120000,804000.0,979200,1.06,666000.0,43200,0.2664,0.06216000000000001,8.004113338697039,17,17,,12240,5040,0,0.0,0.12,0.84645,0.0,0,0.0,0.0,0.0,0.0,0.7000000000000001,0.0008333333333333334,0.0,0.90432,0.015600000000000001,0.004,0,2.5912033333333335,,,revision_implemented_offline_aws_pending,false,false
cost,P1_developer_dev,Phase 1,assumed_not_measured,300,6000,720,False,all_allowances_consumed,,3,175200,80280.0,120000,804000.0,979200,1.06,666000.0,43200,0.2664,0.026640000000000004,8.004113338697039,17,18,,12960.0,12960.0,0,1.373042676,0.12,0.84645,0.3021,0,0.2664,0.0432,0.20246400000000003,0.0008791200000000002,1.8000000000000003,2.4012340016091116,4.5,0.90432,0.015600000000000001,0.00405,0.0342,12.813939797609113,0.09882784000000022,,revision_implemented_offline_aws_pending,false,false
cost,P1_developer_dev,Phase 1,assumed_not_measured,300,6000,720,True,base_monthly_allowances_available,,3,175200,80280.0,120000,804000.0,979200,1.06,666000.0,43200,0.2664,0.026640000000000004,8.004113338697039,17,18,,12960.0,5760.0,0,0.0,0.12,0.84645,0.0,0,0.0,0.0,0.0,0.0,0.8,0.0008333333333333334,0.0,0.90432,0.015600000000000001,0.004,0,2.6912033333333336,0.10000000000000009,,revision_implemented_offline_aws_pending,false,false
cost,P1_customer_dev,Phase 1,assumed_not_measured,300,6000,720,False,all_allowances_consumed,,14,175200,80280.0,120000,804000.0,979200,1.06,666000.0,43200,0.2664,0.12432000000000001,8.004113338697039,17,18,,12960.0,12960.0,0,1.373042676,0.12,0.84645,0.3021,0,0.2664,0.0432,0.20246400000000003,0.004102560000000001,1.8000000000000003,2.4012340016091116,4.5,0.90432,0.015600000000000001,0.00405,0.0342,12.817163237609112,0.10205127999999952,,revision_implemented_offline_aws_pending,false,false
cost,P1_customer_dev,Phase 1,assumed_not_measured,300,6000,720,True,base_monthly_allowances_available,,14,175200,80280.0,120000,804000.0,979200,1.06,666000.0,43200,0.2664,0.12432000000000001,8.004113338697039,17,18,,12960.0,5760.0,0,0.0,0.12,0.84645,0.0,0,0.0,0.0,0.0,0.0,0.8,0.0008333333333333334,0.0,0.90432,0.015600000000000001,0.004,0,2.6912033333333336,0.10000000000000009,,revision_implemented_offline_aws_pending,false,false
cost,D_customer_optimized,Phase 1+2,assumed_not_measured,300,6000,720,False,all_allowances_consumed,,14,175200,80280.0,120000,804000.0,979200,1.06,666000.0,43200,0.2904,0.13552,8.004113338697039,21,23,,16560.0,16560.0,0,1.373042676,0.12,0.84645,0.3021,0,0.2664,0.0432,0.22070399999999998,0.00447216,2.3000000000000003,2.4012340016091116,4.5,0.90432,0.015600000000000001,0.00405,0.0342,13.335772837609111,0.6206608799999991,,revision_implemented_offline_aws_pending,false,false
cost,D_customer_optimized,Phase 1+2,assumed_not_measured,300,6000,720,True,base_monthly_allowances_available,,14,175200,80280.0,120000,804000.0,979200,1.06,666000.0,43200,0.2904,0.13552,8.004113338697039,21,23,,16560.0,9360.0,0,0.0,0.12,0.84645,0.0,0,0.0,0.0,0.0,0.0,1.3000000000000003,0.0008333333333333334,0.0,0.90432,0.015600000000000001,0.004,0,3.1912033333333336,0.6000000000000001,,revision_implemented_offline_aws_pending,false,false
cost,B_current_dev,current,assumed_not_measured,500,10000,720,False,all_allowances_consumed,,7,263200,129480.0,200000,1124000.0,1459200,1.1,678000.0,43200,0.3864,0.09016,8.005549980060357,17,17,,12240,12240,0,2.2106443159999998,0.2,1.2503700000000002,0.3135,0,0.27120000000000005,0.0432,0.29366400000000004,0.0029752800000000003,1.7000000000000002,2.4016649940181067,7.5,1.5072,0.015600000000000001,0.00405,0.057,17.771068590018107,,,revision_implemented_offline_aws_pending,false,false
cost,B_current_dev,current,assumed_not_measured,500,10000,720,True,base_monthly_allowances_available,,7,263200,129480.0,200000,1124000.0,1459200,1.1,678000.0,43200,0.3864,0.09016,8.005549980060357,17,17,,12240,5040,0,0.0,0.2,1.2503700000000002,0.0,0,0.0,0.0,0.0,0.0,0.7000000000000001,0.0008333333333333334,0.0,1.5072,0.015600000000000001,0.004,0,3.6780033333333337,,,revision_implemented_offline_aws_pending,false,false
cost,P1_developer_dev,Phase 1,assumed_not_measured,500,10000,720,False,all_allowances_consumed,,3,263200,129480.0,200000,1124000.0,1459200,1.1,678000.0,43200,0.3864,0.03864,8.005549980060357,17,18,,12960.0,12960.0,0,2.2106443159999998,0.2,1.2503700000000002,0.3135,0,0.27120000000000005,0.0432,0.29366400000000004,0.00127512,1.8000000000000003,2.4016649940181067,7.5,1.5072,0.015600000000000001,0.00405,0.057,17.869368430018106,0.09829983999999925,,revision_implemented_offline_aws_pending,false,false
cost,P1_developer_dev,Phase 1,assumed_not_measured,500,10000,720,True,base_monthly_allowances_available,,3,263200,129480.0,200000,1124000.0,1459200,1.1,678000.0,43200,0.3864,0.03864,8.005549980060357,17,18,,12960.0,5760.0,0,0.0,0.2,1.2503700000000002,0.0,0,0.0,0.0,0.0,0.0,0.8,0.0008333333333333334,0.0,1.5072,0.015600000000000001,0.004,0,3.778003333333334,0.10000000000000009,,revision_implemented_offline_aws_pending,false,false
cost,P1_customer_dev,Phase 1,assumed_not_measured,500,10000,720,False,all_allowances_consumed,,14,263200,129480.0,200000,1124000.0,1459200,1.1,678000.0,43200,0.3864,0.18032,8.005549980060357,17,18,,12960.0,12960.0,0,2.2106443159999998,0.2,1.2503700000000002,0.3135,0,0.27120000000000005,0.0432,0.29366400000000004,0.005950560000000001,1.8000000000000003,2.4016649940181067,7.5,1.5072,0.015600000000000001,0.00405,0.057,17.874043870018106,0.102975279999999,,revision_implemented_offline_aws_pending,false,false
cost,P1_customer_dev,Phase 1,assumed_not_measured,500,10000,720,True,base_monthly_allowances_available,,14,263200,129480.0,200000,1124000.0,1459200,1.1,678000.0,43200,0.3864,0.18032,8.005549980060357,17,18,,12960.0,5760.0,0,0.0,0.2,1.2503700000000002,0.0,0,0.0,0.0,0.0,0.0,0.8,0.0008333333333333334,0.0,1.5072,0.015600000000000001,0.004,0,3.778003333333334,0.10000000000000009,,revision_implemented_offline_aws_pending,false,false
cost,D_customer_optimized,Phase 1+2,assumed_not_measured,500,10000,720,False,all_allowances_consumed,,14,263200,129480.0,200000,1124000.0,1459200,1.1,678000.0,43200,0.4264,0.19898666666666667,8.005549980060357,21,23,,16560.0,16560.0,0,2.2106443159999998,0.2,1.2503700000000002,0.3135,0,0.27120000000000005,0.0432,0.324064,0.006566560000000001,2.3000000000000003,2.4016649940181067,7.5,1.5072,0.015600000000000001,0.00405,0.057,18.405059870018107,0.63399128,,revision_implemented_offline_aws_pending,false,false
cost,D_customer_optimized,Phase 1+2,assumed_not_measured,500,10000,720,True,base_monthly_allowances_available,,14,263200,129480.0,200000,1124000.0,1459200,1.1,678000.0,43200,0.4264,0.19898666666666667,8.005549980060357,21,23,,16560.0,9360.0,0,0.0,0.2,1.2503700000000002,0.0,0,0.0,0.0,0.0,0.0,1.3000000000000003,0.0008333333333333334,0.0,1.5072,0.015600000000000001,0.004,0,4.278003333333334,0.6000000000000005,,revision_implemented_offline_aws_pending,false,false
cost,B_current_dev,current,assumed_not_measured,1000,20000,720,False,all_allowances_consumed,,7,483200,252480.0,400000,1924000.0,2659200,1.2,708000.0,43200,0.6864,0.16016,8.005555555550375,17,17,,12240,12240,0,4.304648416,0.4,2.26017,0.34199999999999997,0,0.2832,0.0432,0.521664,0.00528528,1.7000000000000002,2.4016666666651125,15.0,3.0144,0.015600000000000001,0.00405,0.114,30.409884362665114,,,revision_implemented_offline_aws_pending,false,false
cost,B_current_dev,current,assumed_not_measured,1000,20000,720,True,base_monthly_allowances_available,,7,483200,252480.0,400000,1924000.0,2659200,1.2,708000.0,43200,0.6864,0.16016,8.005555555550375,17,17,,12240,5040,0,0.0,0.4,2.26017,0.0,0,0.0,0.0,0.0,0.0,0.7000000000000001,0.0008333333333333334,0.0,3.0144,0.015600000000000001,0.004,0,6.395003333333333,,,revision_implemented_offline_aws_pending,false,false
cost,P1_developer_dev,Phase 1,assumed_not_measured,1000,20000,720,False,all_allowances_consumed,,3,483200,252480.0,400000,1924000.0,2659200,1.2,708000.0,43200,0.6864,0.06864,8.005555555550375,17,18,,12960.0,12960.0,0,4.304648416,0.4,2.26017,0.34199999999999997,0,0.2832,0.0432,0.521664,0.0022651200000000002,1.8000000000000003,2.4016666666651125,15.0,3.0144,0.015600000000000001,0.00405,0.114,30.506864202665113,0.09697983999999948,,revision_implemented_offline_aws_pending,false,false
cost,P1_developer_dev,Phase 1,assumed_not_measured,1000,20000,720,True,base_monthly_allowances_available,,3,483200,252480.0,400000,1924000.0,2659200,1.2,708000.0,43200,0.6864,0.06864,8.005555555550375,17,18,,12960.0,5760.0,0,0.0,0.4,2.26017,0.0,0,0.0,0.0,0.0,0.0,0.8,0.0008333333333333334,0.0,3.0144,0.015600000000000001,0.004,0,6.495003333333334,0.10000000000000053,,revision_implemented_offline_aws_pending,false,false
cost,P1_customer_dev,Phase 1,assumed_not_measured,1000,20000,720,False,all_allowances_consumed,,14,483200,252480.0,400000,1924000.0,2659200,1.2,708000.0,43200,0.6864,0.32032,8.005555555550375,17,18,,12960.0,12960.0,0,4.304648416,0.4,2.26017,0.34199999999999997,0,0.2832,0.0432,0.521664,0.01057056,1.8000000000000003,2.4016666666651125,15.0,3.0144,0.015600000000000001,0.00405,0.114,30.515169642665114,0.10528528000000037,,revision_implemented_offline_aws_pending,false,false
cost,P1_customer_dev,Phase 1,assumed_not_measured,1000,20000,720,True,base_monthly_allowances_available,,14,483200,252480.0,400000,1924000.0,2659200,1.2,708000.0,43200,0.6864,0.32032,8.005555555550375,17,18,,12960.0,5760.0,0,0.0,0.4,2.26017,0.0,0,0.0,0.0,0.0,0.0,0.8,0.0008333333333333334,0.0,3.0144,0.015600000000000001,0.004,0,6.495003333333334,0.10000000000000053,,revision_implemented_offline_aws_pending,false,false
cost,D_customer_optimized,Phase 1+2,assumed_not_measured,1000,20000,720,False,all_allowances_consumed,,14,483200,252480.0,400000,1924000.0,2659200,1.2,708000.0,43200,0.7664,0.3576533333333333,8.005555555550375,21,23,,16560.0,16560.0,0,4.304648416,0.4,2.26017,0.34199999999999997,0,0.2832,0.0432,0.582464,0.01180256,2.3000000000000003,2.4016666666651125,15.0,3.0144,0.015600000000000001,0.00405,0.114,31.077201642665113,0.6673172799999989,,revision_implemented_offline_aws_pending,false,false
cost,D_customer_optimized,Phase 1+2,assumed_not_measured,1000,20000,720,True,base_monthly_allowances_available,,14,483200,252480.0,400000,1924000.0,2659200,1.2,708000.0,43200,0.7664,0.3576533333333333,8.005555555550375,21,23,,16560.0,9360.0,0,0.0,0.4,2.26017,0.0,0,0.0,0.0,0.0,0.0,1.3000000000000003,0.0008333333333333334,0.0,3.0144,0.015600000000000001,0.004,0,6.995003333333334,0.6000000000000005,,revision_implemented_offline_aws_pending,false,false
cost,A_current_closed,current,assumed_not_measured,0,0,0,False,all_allowances_consumed,,7,0,0.0,0,0.0,0,1.0,0.0,0,0.0,0.0,0.0,0,0,,0,0,0,0.0,0.0,0.0,0.285,0,0.0,0.0,0.0,0.0,0.0,0.0,0.0,0.0,0.0025000000000000005,0,0,0.2875,,,revision_implemented_offline_aws_pending,false,false
cost,A_current_closed,current,assumed_not_measured,0,0,0,True,base_monthly_allowances_available,,7,0,0.0,0,0.0,0,1.0,0.0,0,0.0,0.0,0.0,0,0,,0,0,0,0.0,0.0,0.0,0.0,0,0.0,0.0,0.0,0.0,0.0,0,0.0,0.0,0.0025000000000000005,0,0,0.0025000000000000005,,,revision_implemented_offline_aws_pending,false,false
cost,C_optimized_closed,Phase 1,assumed_not_measured,0,0,0,False,all_allowances_consumed,,14,0,0.0,0,0.0,0,1.0,0.0,0,0.0,0.0,0.0,0,0,,0,0,0,0.0,0.0,0.0,0.285,0,0.0,0.0,0.0,0.0,0.0,0.0,0.0,0.0,0.0025000000000000005,0,0,0.2875,,,revision_implemented_offline_aws_pending,false,false
cost,C_optimized_closed,Phase 1,assumed_not_measured,0,0,0,True,base_monthly_allowances_available,,14,0,0.0,0,0.0,0,1.0,0.0,0,0.0,0.0,0.0,0,0,,0,0,0,0.0,0.0,0.0,0.0,0,0.0,0.0,0.0,0.0,0.0,0,0.0,0.0,0.0025000000000000005,0,0,0.0025000000000000005,,,revision_implemented_offline_aws_pending,false,false
cost,E_test_increment,Phase 1,assumed_not_measured,2,40,24,False,all_allowances_consumed,,3,2320,708.0,800,14000.0,13440,0.0008,21720.0,1440,0.00408,0.00040800000000000005,0.2344471016547099,39,43,,1032.0,1032.0,24,0.0122640236,0.0008,0.012058200000000002,0.00022799999999999999,0,0.008688,0.00144,0.0031008000000000003,1.3464000000000002e-05,0.1433333333333333,0.07033413049641296,0.03,0.00020096,0.000655,0.00405,0.000228,0.2873939114297463,,,revision_implemented_offline_aws_pending,false,false
cost,E_test_increment,Phase 1,assumed_not_measured,2,40,24,True,dev_shared_test_custom_conservative,,3,2320,708.0,800,14000.0,13440,0.0008,21720.0,1440,0.00408,0.00040800000000000005,0.2344471016547099,39,43,,1032.0,1032.0,24,0.0,0.0008,0.012058200000000002,0.0,0,0.0,0.0,0.0,0.0,0.1433333333333333,0.07033413049641296,0.0,0.00020096,0.000655,0.004,0,0.23138162382974628,,,revision_implemented_offline_aws_pending,false,false
cost,E_customer_plus_test,Phase 1+2,assumed_not_measured,32,640,720,False,shared_increment_not_second_free_account,,dev14_test3,,,,,,,,,,,,60,66,,17592.0,17592.0,24,0.25454448560000004,0.0128,0.31321620000000006,0.28693799999999997,0,0.268608,0.04464,0.0842688,0.001658184,2.443333333333334,1.6897240218503387,0.48,0.09063296000000001,0.016255000000000002,0.0081,0.0036479999999999998,5.998366984783672,,,revision_implemented_offline_aws_pending,false,false
cost,E_customer_plus_test,Phase 1+2,assumed_not_measured,32,640,720,True,shared_increment_not_second_free_account,,dev14_test3,,,,,,,,,,,,60,66,,17592.0,10392.0,24,0.0,0.0128,0.31321620000000006,0.0,0,0.0,0.0,0.0,0.0,1.4433333333333334,0.0711674638297463,0.0,0.09063296000000001,0.016255000000000002,0.008,0,1.9554049571630798,,,revision_implemented_offline_aws_pending,false,false
savings_sensitivity,test_residual_shared_dev,Phase 1,duration_unknown_sensitivity_only,,,,False,no_remaining_alarm_credits,0,,,,,,,,,,,,,39,43,43,,,,,,,,,,,,,,,,,,,,,,0.0,revision_implemented_offline_aws_pending,false,false
savings_sensitivity,test_residual_isolated_full_alarm_free,Phase 1,duration_unknown_sensitivity_only,,,,True,all_10_alarm_credits_to_test,0,,,,,,,,,,,,,39,43,33,,,,,,,,,,,,,,,,,,,,,,0.0,revision_implemented_offline_aws_pending,false,false
savings_sensitivity,test_residual_shared_dev,Phase 1,duration_unknown_sensitivity_only,,,,False,no_remaining_alarm_credits,1,,,,,,,,,,,,,39,43,43,,,,,,,,,,,,,,,,,,,,,,0.005972222222222222,revision_implemented_offline_aws_pending,false,false
savings_sensitivity,test_residual_isolated_full_alarm_free,Phase 1,duration_unknown_sensitivity_only,,,,True,all_10_alarm_credits_to_test,1,,,,,,,,,,,,,39,43,33,,,,,,,,,,,,,,,,,,,,,,0.004583333333333333,revision_implemented_offline_aws_pending,false,false
savings_sensitivity,test_residual_shared_dev,Phase 1,duration_unknown_sensitivity_only,,,,False,no_remaining_alarm_credits,6,,,,,,,,,,,,,39,43,43,,,,,,,,,,,,,,,,,,,,,,0.03583333333333333,revision_implemented_offline_aws_pending,false,false
savings_sensitivity,test_residual_isolated_full_alarm_free,Phase 1,duration_unknown_sensitivity_only,,,,True,all_10_alarm_credits_to_test,6,,,,,,,,,,,,,39,43,33,,,,,,,,,,,,,,,,,,,,,,0.0275,revision_implemented_offline_aws_pending,false,false
savings_sensitivity,test_residual_shared_dev,Phase 1,duration_unknown_sensitivity_only,,,,False,no_remaining_alarm_credits,24,,,,,,,,,,,,,39,43,43,,,,,,,,,,,,,,,,,,,,,,0.1433333333333333,revision_implemented_offline_aws_pending,false,false
savings_sensitivity,test_residual_isolated_full_alarm_free,Phase 1,duration_unknown_sensitivity_only,,,,True,all_10_alarm_credits_to_test,24,,,,,,,,,,,,,39,43,33,,,,,,,,,,,,,,,,,,,,,,0.11,revision_implemented_offline_aws_pending,false,false
savings_sensitivity,test_residual_shared_dev,Phase 1,duration_unknown_sensitivity_only,,,,False,no_remaining_alarm_credits,72,,,,,,,,,,,,,39,43,43,,,,,,,,,,,,,,,,,,,,,,0.42999999999999994,revision_implemented_offline_aws_pending,false,false
savings_sensitivity,test_residual_isolated_full_alarm_free,Phase 1,duration_unknown_sensitivity_only,,,,True,all_10_alarm_credits_to_test,72,,,,,,,,,,,,,39,43,33,,,,,,,,,,,,,,,,,,,,,,0.33,revision_implemented_offline_aws_pending,false,false
savings_sensitivity,test_residual_shared_dev,Phase 1,duration_unknown_sensitivity_only,,,,False,no_remaining_alarm_credits,168,,,,,,,,,,,,,39,43,43,,,,,,,,,,,,,,,,,,,,,,1.0033333333333334,revision_implemented_offline_aws_pending,false,false
savings_sensitivity,test_residual_isolated_full_alarm_free,Phase 1,duration_unknown_sensitivity_only,,,,True,all_10_alarm_credits_to_test,168,,,,,,,,,,,,,39,43,33,,,,,,,,,,,,,,,,,,,,,,0.7700000000000001,revision_implemented_offline_aws_pending,false,false
savings_sensitivity,test_residual_shared_dev,Phase 1,duration_unknown_sensitivity_only,,,,False,no_remaining_alarm_credits,696,,,,,,,,,,,,,39,43,43,,,,,,,,,,,,,,,,,,,,,,4.156666666666666,revision_implemented_offline_aws_pending,false,false
savings_sensitivity,test_residual_isolated_full_alarm_free,Phase 1,duration_unknown_sensitivity_only,,,,True,all_10_alarm_credits_to_test,696,,,,,,,,,,,,,39,43,33,,,,,,,,,,,,,,,,,,,,,,3.1900000000000004,revision_implemented_offline_aws_pending,false,false
savings_sensitivity,test_residual_shared_dev,Phase 1,duration_unknown_sensitivity_only,,,,False,no_remaining_alarm_credits,720,,,,,,,,,,,,,39,43,43,,,,,,,,,,,,,,,,,,,,,,4.3,revision_implemented_offline_aws_pending,false,false
savings_sensitivity,test_residual_isolated_full_alarm_free,Phase 1,duration_unknown_sensitivity_only,,,,True,all_10_alarm_credits_to_test,720,,,,,,,,,,,,,39,43,33,,,,,,,,,,,,,,,,,,,,,,3.3,revision_implemented_offline_aws_pending,false,false
